gene_id,loop_id,number,nuc_id,exp_name,stable_range,sequence,dot_bracket
sars2,L11493,"11498, 11499, 11500, 11501, 11502, 11503",UCAGGU,virus_invivo,11477-11536,ATCTCTGTTACTTCTAACTACTCAGGTGTAGTTACAACTGTCATGTTTTTGGCCAGAGGT,(((((((.......(((((((......))))))).....((((......)))))))))))
sars2,L11515,"11520, 11521, 11522, 11523, 11524, 11525",UGUUUU,virus_invivo,11477-11536,ATCTCTGTTACTTCTAACTACTCAGGTGTAGTTACAACTGTCATGTTTTTGGCCAGAGGT,(((((((.......(((((((......))))))).....((((......)))))))))))
sars2,L11587,"11592, 11593, 11594, 11595",UUCA,virus_invivo,11552-11668,GTTGAGTATTGCCCTATTTTCTTCATAACTGGTAATACACTTCAGTGTATAATGCTAGTTTATTGTTTCTTAGGCTATTTTTGTACTTGTTACTTTGGCCTCTTTTGTTTACTCAAC,((((((((..((..............((((((((((((((....))))))..))))))))...........((((((.....(((.....)))..)))))).....)).))))))))
sars2,L11632,"11637, 11638, 11639, 11640, 11641",CUUGU,virus_invivo,11552-11668,GTTGAGTATTGCCCTATTTTCTTCATAACTGGTAATACACTTCAGTGTATAATGCTAGTTTATTGTTTCTTAGGCTATTTTTGTACTTGTTACTTTGGCCTCTTTTGTTTACTCAAC,((((((((..((..............((((((((((((((....))))))..))))))))...........((((((.....(((.....)))..)))))).....)).))))))))
sars2,L17159,"17164, 17165, 17166, 17167, 17168, 17169",UCUCAU,virus_invivo,17126-17232,TCTACTACCCTTCTGCTCGCATAGTGTATACAGCTTGCTCTCATGCCGCTGTTGATGCACTATGTGAGAAGGCATTAAAATATTTGCCTATAGATAAATGTAGTAGA,((((((((...(((.(((((((((((((((((((..((......)).)))))..)))))))))))))).(((((..........)))))..))).....))))))))
sars2,L17195,"17200, 17201, 17202, 17203, 17204, 17205, 17206, 17207, 17208, 17209",UUAAAAUAUU,virus_invivo,17126-17232,TCTACTACCCTTCTGCTCGCATAGTGTATACAGCTTGCTCTCATGCCGCTGTTGATGCACTATGTGAGAAGGCATTAAAATATTTGCCTATAGATAAATGTAGTAGA,((((((((...(((.(((((((((((((((((((..((......)).)))))..)))))))))))))).(((((..........)))))..))).....))))))))
sars2,L24017,"24022, 24023, 24024, 24025, 24026",UCUAC,virus_invivo,23974-24094,AATATTACCAGATCCATCAAAACCAAGCAAGAGGTCATTTATTGAAGATCTACTTTTCAACAAAGTGACACTTGCAGATGCTGGCTTCATCAAACAATATGGTGATTGCCTTGGTGATATT,(((((((((((...((((........(((((..(((((((.(((((((.....)))))))..))))))).))))).))))..(((.((((((.......))))))..))))))))))))))
sars2,L24061,"24066, 24067, 24068, 24069, 24070, 24071, 24072",AACAAUA,virus_invivo,23974-24094,AATATTACCAGATCCATCAAAACCAAGCAAGAGGTCATTTATTGAAGATCTACTTTTCAACAAAGTGACACTTGCAGATGCTGGCTTCATCAAACAATATGGTGATTGCCTTGGTGATATT,(((((((((((...((((........(((((..(((((((.(((((((.....)))))))..))))))).))))).))))..(((.((((((.......))))))..))))))))))))))
sars2,L25512,"25517, 25518, 25519, 25520, 25521",CUUUC,virus_invivo,25471-25578,GATTTTGTTCGCGCTACTGCAACGATACCGATACAAGCCTCACTCCCTTTCGGATGGCTTATTGTTGGCGTTGCACTTCTTGCTGTTTTTCAGAGCGCTTCCAAAATC,(((((((...(((((..(((((((...((((((.(((((....(((.....))).)))))..))))))))))))).......(((.....))))))))...)))))))
sars2,L25551,"25556, 25557, 25558, 25559, 25560",UUUUU,virus_invivo,25471-25578,GATTTTGTTCGCGCTACTGCAACGATACCGATACAAGCCTCACTCCCTTTCGGATGGCTTATTGTTGGCGTTGCACTTCTTGCTGTTTTTCAGAGCGCTTCCAAAATC,(((((((...(((((..(((((((...((((((.(((((....(((.....))).)))))..))))))))))))).......(((.....))))))))...)))))))
